Customer_ID,Name,Age,Gender,City,Salary,Join_Date
1,Kiran,19,Male,Mumbai,87889,26-12-2023
10,John,43,Male,Hyderabad,64064,23-05-2021
100,Kiran,51,Female,Mumbai,69930,30-03-2023
101,Sara,48,Female,Mumbai,52981,09-10-2022
102,Kiran,27,Male,Bangalore,89298,22-02-2022
103,Priya,36,Female,Unknown,66167,04-04-2021
104,Rahul,49,Female,Delhi,95304,07-01-2022
105,Sara,18,Female,Delhi,63408,23-05-2021
106,Ahmed,22,Male,Hyderabad,59499,25-04-2021
107,Ahmed,21,Female,Hyderabad,72269,23-04-2020
108,Anita,33,Male,Delhi,58559,18-01-2022
109,Kiran,41,Male,Mumbai,94319,26-12-2020
11,Kiran,52,Female,Bangalore,27813,16-03-2021
110,Ahmed,33,Male,Bangalore,68787,06-12-2020
111,Anita,19,Male,Delhi,55488,08-02-2022
112,Rahul,45,Unknown,Hyderabad,94441,30-01-2022
113,Priya,49,Male,Delhi,94663,26-08-2022
114,Priya,44,Unknown,Chennai,42431,24-03-2021
115,Priya,37,Male,Mumbai,81681,14-04-2022
116,Ahmed,41,Female,Delhi,83483,18-04-2023
117,Rahul,29,Female,Mumbai,69153,01-12-2023
118,Ahmed,52,Male,Hyderabad,26368,04-05-2023
119,Kiran,50,Unknown,Mumbai,54155,06-11-2020
12,John,42,Female,Bangalore,51598,01-07-2023
120,Ahmed,50,Female,Delhi,65004,18-09-2020
120,Ahmed,50,Female,Mumbai,65004,18-09-2020
121,Rahul,54,Female,Mumbai,76985,13-12-2023
122,Rahul,29,Female,Hyderabad,70069,09-02-2021
123,Kiran,20,Male,Unknown,72326,22-05-2020
124,Rahul,18,Female,Hyderabad,43398,07-12-2020
125,Rahul,50,Male,Bangalore,70861,01-09-2023
126,Priya,57,Female,Mumbai,95897,29-01-2023
127,Kiran,27,Female,Banglore,88577,31-08-2020
128,John,46,Unknown,Delhi,85641,04-05-2021
129,John,30,Female,Chennai,29078,12-01-2020
13,John,41,Female,Bangalore,47082,09-07-2022
130,Rahul,29,Unknown,Hyderabad,54155,16-06-2023
131,John,48,Female,Mumbai,82768,14-07-2021
132,John,19,Male,Hyderabad,71047,11-02-2020
133,Rahul,52,Female,Delhi,91626,08-11-2021
134,John,,Female,Hyderabad,77660,16-08-2021
135,Ahmed,34,Female,Mumbai,69786,23-12-2023
136,Anita,43,Male,Unknown,21925,27-03-2023
137,Kiran,25,Male,Hyderabad,46015,24-05-2023
138,Anita,46,Female,Chennai,53320,13-05-2020
139,Rahul,43,Female,Delhi,84881,26-12-2022
14,Ahmed,30,Female,Hyderabad,49241,08-02-2022
140,Priya,27,Male,Delhi,46289,27-10-2022
141,Kiran,43,Male,Chennai,23389,05-08-2022
142,Rahul,51,Female,Bangalore,45683,13-03-2020
143,Priya,58,Male,Mumbai,33629,02-02-2021
144,Anita,24,Unknown,Bangalore,54155,29-11-2023
145,Rahul,21,Female,Hyderabad,50000,31-07-2021
146,Kiran,28,Female,Chennai,46630,08-05-2022
147,Kiran,46,Female,Bangalore,66163,09-05-2020
148,Sara,53,Male,Delhi,86435,19-07-2022
149,Ahmed,42,Female,Hyderabad,31653,14-05-2023
15,Priya,24,Female,Mumbai,64569,05-09-2023
150,John,38,Unknown,Hyderabad,47961,22-09-2020
151,Priya,53,Female,Bangalore,94137,03-03-2022
152,Sara,27,Male,Bangalore,53662,09-09-2020
153,John,54,Female,Delhi,76446,01-04-2022
154,John,26,Male,Mumbai,41288,05-08-2023
155,Rahul,41,Male,Bangalore,56877,12-06-2020
156,John,52,Female,Bangalore,35313,04-04-2020
157,Ahmed,52,Female,Delhi,92715,12-04-2022
158,Kiran,53,Female,Hyderabad,30326,07-02-2023
159,Sara,35,Female,Mumbai,21560,01-12-2020
16,John,53,Male,Hyderabad,31745,19-09-2020
160,John,56,Male,Delhi,99148,01-04-2022
160,John,56,Male,Delhi,50000,01-04-2022
161,Rahul,49,Female,Chennai,46745,25-08-2020
162,Ahmed,41,Male,Chennai,51890,15-01-2021
163,Anita,40,Male,Bangalore,40022,30-12-2023
164,Kiran,49,Female,Unknown,72579,17-06-2022
165,Kiran,54,Unknown,Chennai,54155,27-04-2021
165,Kiran,54,Male,Chennai,90316,27-04-2021
166,Sara,29,Male,Bangalore,48380,20-06-2022
167,Kiran,30,Male,Mumbai,22356,14-11-2022
168,John,40,Male,Bangalore,54155,14-02-2023
169,Rahul,42,Unknown,Banglore,40049,26-04-2021
17,Sara,37,Female,Hyderabad,46029,29-10-2023
170,Kiran,52,Female,Bangalore,95717,16-11-2023
171,Kiran,58,Female,Delhi,36082,05-07-2022
172,Anita,,Male,Mumbai,20661,20-09-2022
172,Anita,47,Female,Mumbai,20661,20-09-2022
173,Anita,34,Male,Delhi,57412,21-08-2022
174,Priya,37,Male,Delhi,22920,20-06-2021
175,Ahmed,,Female,Hyderabad,80315,07-01-2023
176,John,39,Female,Mumbai,99561,11-04-2023
177,Kiran,30,Female,Mumbai,28946,01-11-2022
178,Kiran,36,Male,Mumbai,65500,07-05-2020
179,Rahul,53,Female,Mumbai,36309,01-04-2020
18,Ahmed,18,Female,Bangalore,33025,28-09-2021
18,Ahmed,18,Female,Unknown,33025,28-09-2021
180,Priya,,Female,Mumbai,75230,26-06-2021
180,Priya,29,Female,Unknown,75230,26-06-2021
181,Ahmed,,Female,Hyderabad,50027,25-04-2022
181,Ahmed,58,Female,Hyderabad,50027,25-04-2022
182,Priya,36,Male,Bangalore,92541,15-09-2022
183,Sara,29,Male,Delhi,79321,22-03-2021
184,Ahmed,26,Male,Unknown,20956,24-01-2021
185,Kiran,,Male,Bangalore,94131,02-11-2021
186,Kiran,45,Male,Bangalore,67908,12-02-2020
187,Ahmed,31,Male,Delhi,98339,10-09-2020
188,Kiran,48,Male,Banglore,45963,27-02-2023
188,Kiran,48,Male,Hyderabad,45963,27-02-2023
189,John,36,Male,Chennai,59443,19-12-2022
19,Anita,25,Female,Delhi,34288,05-04-2023
190,Ahmed,,Female,Chennai,59063,24-10-2021
191,Priya,22,Unknown,Bangalore,24703,11-04-2021
192,Ahmed,52,Male,Delhi,85128,13-10-2020
193,Kiran,29,Male,Chennai,92099,07-10-2022
194,John,42,Female,Bangalore,45849,16-02-2022
195,John,38,Male,Hyderabad,51860,10-12-2020
196,Sara,53,Male,Unknown,54155,03-10-2021
197,Priya,40,Male,Unknown,42015,16-01-2021
198,Anita,33,Female,Bangalore,97539,20-11-2021
199,Anita,56,Female,Mumbai,54155,30-06-2023
2,Priya,43,Male,Chennai,43821,15-03-2022
20,Priya,33,Male,Mumbai,26540,03-04-2021
200,Ahmed,59,Female,Hyderabad,46958,15-12-2022
201,Sara,56,Female,Mumbai,46017,01-04-2021
202,Rahul,31,Female,Delhi,96707,09-09-2022
203,Ahmed,48,Male,Mumbai,65350,23-03-2020
204,Sara,22,Female,Mumbai,32201,27-01-2023
205,Priya,52,Male,Chennai,49426,28-05-2020
206,Priya,40,Male,Bangalore,37778,14-09-2023
207,Priya,46,Female,Banglore,65241,25-03-2023
208,Priya,28,Female,Mumbai,62229,08-07-2020
209,Priya,35,Male,Hyderabad,68364,01-06-2022
21,Sara,31,Female,Bangalore,88878,25-09-2022
210,Sara,29,Male,Mumbai,77056,19-09-2020
211,Sara,26,Male,Delhi,47490,08-01-2023
212,John,27,Female,Mumbai,39975,03-02-2021
213,Anita,34,Female,Chennai,46723,02-02-2022
214,Kiran,55,Female,Bangalore,43279,31-08-2021
215,Priya,24,Female,Delhi,98301,07-07-2023
216,Rahul,30,Male,Mumbai,31561,23-02-2022
217,Kiran,57,Male,Hyderabad,86061,10-04-2020
218,Sara,59,Female,Delhi,69153,14-10-2023
219,Rahul,26,Male,Delhi,53142,04-11-2023
22,Sara,29,Female,Delhi,61846,27-07-2023
220,Rahul,44,Male,Mumbai,46916,30-03-2022
221,Rahul,19,Male,Delhi,84324,29-05-2023
222,John,22,Female,Hyderabad,64965,30-03-2022
223,Sara,46,Female,Delhi,54155,23-02-2021
224,Rahul,54,Female,Hyderabad,55133,03-05-2020
225,Priya,55,Male,Mumbai,70677,25-02-2021
226,Ahmed,36,Male,Bangalore,90135,08-06-2023
227,Rahul,25,Male,Delhi,55046,22-12-2022
228,John,18,Female,Bangalore,67064,06-02-2022
229,Kiran,39,Male,Hyderabad,89350,27-04-2021
23,Anita,40,Male,Delhi,95932,30-11-2021
230,Sara,34,Male,Delhi,65893,02-06-2021
231,John,24,Unknown,Delhi,81272,03-06-2020
232,Rahul,42,Female,Bangalore,87649,01-04-2020
233,Sara,21,Female,Delhi,50000,08-09-2022
234,Ahmed,53,Female,Bangalore,33760,30-03-2021
235,Rahul,23,Male,Delhi,41927,20-08-2021
236,John,48,Male,Mumbai,81367,24-05-2021
237,Anita,36,Female,Bangalore,32588,21-04-2023
238,Priya,56,Male,Chennai,72233,20-01-2021
239,Kiran,44,Female,Chennai,64738,08-02-2021
24,Priya,32,Female,Chennai,37482,28-10-2020
240,John,27,Female,Hyderabad,53397,02-09-2020
241,Sara,43,Female,Delhi,96367,11-01-2022
242,Rahul,36,Male,Bangalore,91260,22-10-2021
243,Priya,56,Female,Hyderabad,96619,11-10-2021
244,Rahul,20,Female,Bangalore,39816,17-12-2023
245,Sara,30,Female,Delhi,62240,19-06-2022
246,Rahul,45,Male,Chennai,26276,05-03-2020
247,Anita,37,Male,Mumbai,99530,02-11-2022
248,Priya,45,Female,Chennai,43499,31-07-2020
249,Priya,25,Unknown,Hyderabad,54155,29-08-2020
25,Ahmed,45,Male,Mumbai,54155,26-05-2023
250,Sara,58,Male,Mumbai,55946,07-05-2021
251,Kiran,56,Male,Hyderabad,75204,21-05-2023
252,Anita,18,Male,Delhi,54155,03-12-2020
253,John,20,Unknown,Unknown,91652,21-06-2020
254,Rahul,30,Male,Delhi,35563,02-11-2021
255,Ahmed,45,Male,Delhi,29847,12-06-2020
256,Rahul,42,Male,Chennai,46155,09-04-2021
257,Rahul,50,Male,Delhi,99671,21-09-2022
258,John,55,Male,Bangalore,87278,11-05-2021
259,Rahul,23,Female,Delhi,38309,30-11-2021
26,Rahul,51,Male,Delhi,54155,30-01-2023
260,Anita,49,Female,Delhi,20619,29-01-2021
261,Anita,38,Male,Bangalore,70108,03-12-2021
262,Priya,,Female,Mumbai,54707,03-11-2020
263,Sara,,Female,Hyderabad,40337,01-07-2020
264,Kiran,28,Male,Delhi,86504,20-09-2021
265,Ahmed,54,Male,Bangalore,67614,24-05-2021
266,Rahul,53,Male,Mumbai,20281,29-06-2021
267,Rahul,52,Female,Chennai,47420,15-09-2021
268,John,36,Male,Hyderabad,59030,16-08-2021
269,Sara,37,Male,Mumbai,21058,13-01-2022
27,Priya,19,Male,Bangalore,80545,07-07-2021
270,Anita,35,Male,Hyderabad,54155,04-06-2023
271,Ahmed,58,Male,Hyderabad,48404,30-12-2023
271,Ahmed,58,Male,Banglore,48404,30-12-2023
272,Priya,,Female,Chennai,49856,16-12-2023
273,Anita,32,Female,Mumbai,29200,07-07-2021
274,Sara,48,Female,Mumbai,84178,21-01-2020
275,Kiran,18,Female,Mumbai,53997,07-07-2021
276,Priya,20,Male,Delhi,45611,31-01-2021
277,Kiran,,Male,Mumbai,61235,16-09-2021
278,John,40,Male,Chennai,55057,14-04-2020
279,John,28,Male,Hyderabad,21239,10-07-2020
28,Anita,49,Male,Chennai,98797,14-10-2020
280,Rahul,29,Male,Banglore,85661,17-01-2020
281,Kiran,27,Female,Mumbai,54155,17-02-2023
282,Sara,49,Male,Unknown,81212,27-01-2021
283,Ahmed,33,Male,Hyderabad,35398,28-02-2021
284,Priya,25,Female,Unknown,76503,08-05-2020
285,Anita,55,Male,Chennai,54155,27-02-2023
285,Anita,55,Male,Chennai,26638,27-02-2023
286,Sara,29,Female,Delhi,26570,25-07-2021
287,Sara,41,Male,Hyderabad,88785,29-01-2020
288,John,45,Male,Mumbai,29110,25-01-2023
289,Kiran,25,Male,Mumbai,99141,30-10-2022
29,Sara,,Male,Mumbai,72307,05-04-2023
290,Rahul,45,Male,Hyderabad,32115,29-08-2020
291,Rahul,53,Male,Mumbai,59062,19-08-2020
292,Priya,43,Unknown,Mumbai,42911,27-02-2022
293,John,25,Male,Mumbai,52556,31-07-2023
294,Sara,,Unknown,Chennai,98131,15-12-2021
295,Ahmed,45,Female,Chennai,21969,28-01-2022
296,John,,Female,Bangalore,63753,12-03-2022
297,Priya,58,Female,Delhi,24470,14-02-2022
298,Priya,53,Female,Hyderabad,54155,26-12-2021
299,John,44,Male,Hyderabad,43196,18-07-2020
3,Ahmed,34,Female,Mumbai,54155,22-02-2021
30,Ahmed,39,Female,Hyderabad,23093,12-09-2021
300,Priya,34,Male,Hyderabad,33669,02-08-2022
301,John,26,Female,Bangalore,57380,19-03-2020
302,Anita,50,Male,Chennai,68320,13-08-2022
303,John,37,Female,Bangalore,67414,05-05-2022
304,Kiran,30,Female,Hyderabad,35577,11-04-2023
305,John,45,Male,Delhi,75409,11-04-2021
306,Priya,46,Male,Mumbai,48625,03-08-2021
307,Kiran,30,Male,Chennai,44089,10-12-2023
308,Priya,52,Female,Chennai,56487,28-07-2022
309,Rahul,23,Male,Bangalore,85838,24-03-2021
31,Priya,42,Male,Bangalore,54155,02-10-2022
310,Rahul,35,Female,Chennai,70138,27-03-2020
311,Kiran,22,Female,Hyderabad,62823,10-04-2020
312,Anita,42,Female,Hyderabad,57208,28-10-2022
313,Rahul,19,Male,Bangalore,74061,24-04-2022
314,John,27,Male,Hyderabad,50659,08-05-2023
315,Priya,47,Female,Delhi,51890,27-03-2020
316,Rahul,22,Male,Bangalore,99134,12-02-2020
317,Rahul,50,Male,Delhi,54155,09-11-2023
318,Anita,18,Male,Mumbai,39508,29-12-2023
319,Kiran,35,Female,Delhi,62287,11-02-2021
32,Rahul,39,Unknown,Delhi,42042,05-02-2020
32,Rahul,39,Male,Delhi,42042,05-02-2020
320,Kiran,49,Female,Mumbai,98916,25-10-2021
321,Sara,28,Male,Mumbai,46984,06-11-2022
322,Anita,38,Unknown,Delhi,28125,27-05-2020
323,John,43,Male,Bangalore,56059,03-10-2020
324,Kiran,42,Male,Hyderabad,89569,19-08-2020
325,Priya,39,Male,Hyderabad,37087,31-12-2020
326,Anita,44,Male,Mumbai,25704,05-06-2023
327,Rahul,30,Female,Unknown,80576,11-03-2021
328,Priya,50,Female,Bangalore,93384,02-02-2021
329,Priya,51,Female,Chennai,92460,19-05-2023
33,Rahul,39,Female,Banglore,72930,13-01-2022
330,Rahul,58,Male,Delhi,47208,15-11-2023
331,Anita,52,Male,Mumbai,86024,13-05-2021
332,Rahul,18,Male,Hyderabad,59882,23-06-2021
333,Sara,,Female,Bangalore,45923,16-07-2021
334,Priya,23,Male,Delhi,49165,17-03-2021
335,Ahmed,45,Female,Bangalore,87203,08-07-2023
336,Ahmed,34,Female,Unknown,24114,11-02-2022
337,John,22,Female,Delhi,84965,15-12-2020
338,Kiran,48,Female,Mumbai,56321,07-10-2023
339,Rahul,,Female,Bangalore,93297,03-06-2021
34,John,59,Male,Banglore,64413,18-12-2020
340,Rahul,55,Female,Bangalore,45426,05-09-2023
341,John,20,Male,Hyderabad,37772,17-05-2020
342,John,40,Male,Hyderabad,23712,18-09-2022
343,John,54,Female,Mumbai,21367,02-01-2021
344,Priya,54,Female,Mumbai,71924,28-05-2023
345,Sara,27,Male,Chennai,50000,22-09-2023
345,Sara,27,Male,Chennai,23726,22-09-2023
346,Rahul,27,Female,Hyderabad,47723,31-05-2023
347,Priya,36,Female,Delhi,50000,25-12-2020
348,John,34,Male,Bangalore,97714,09-07-2022
349,Rahul,38,Female,Mumbai,55643,24-11-2020
35,John,23,Male,Delhi,53756,13-03-2020
350,Priya,31,Female,Delhi,54155,19-08-2022
351,Sara,26,Female,Bangalore,28927,07-04-2021
352,Priya,18,Male,Chennai,42443,03-08-2022
353,Sara,30,Male,Delhi,99973,20-08-2022
354,John,21,Male,Mumbai,83449,06-11-2023
355,Sara,18,Female,Bangalore,54155,15-04-2022
356,Rahul,57,Female,Mumbai,80233,17-06-2020
357,John,49,Male,Delhi,45537,04-08-2020
358,Rahul,51,Female,Chennai,97576,12-01-2021
359,Ahmed,45,Female,Delhi,42612,28-04-2020
36,Kiran,32,Female,Chennai,73268,09-10-2021
360,Anita,48,Female,Mumbai,26471,08-07-2020
361,Sara,25,Female,Mumbai,55631,05-02-2022
362,Anita,56,Female,Hyderabad,54155,04-01-2021
363,Anita,,Male,Bangalore,84732,28-05-2020
364,Sara,51,Female,Bangalore,21177,13-10-2021
365,John,20,Male,Delhi,24760,08-02-2022
366,Ahmed,29,Female,Chennai,52779,08-01-2021
367,Rahul,18,Male,Bangalore,41636,19-02-2022
368,Priya,22,Female,Hyderabad,73551,08-06-2020
369,Rahul,47,Male,Delhi,31556,16-12-2020
37,Anita,,Female,Mumbai,59214,08-10-2023
370,Priya,47,Female,Delhi,47598,04-08-2023
371,Rahul,34,Male,Hyderabad,31563,04-08-2023
372,Sara,,Female,Chennai,66819,10-06-2022
373,Ahmed,32,Male,Hyderabad,93770,03-06-2023
374,Priya,54,Female,Chennai,46966,06-06-2021
375,Kiran,38,Male,Unknown,79889,05-06-2021
376,John,31,Male,Hyderabad,46987,21-02-2022
377,Rahul,19,Unknown,Mumbai,98714,29-09-2020
378,Rahul,28,Female,Mumbai,78348,24-07-2022
378,Rahul,28,Female,Delhi,78348,24-07-2022
379,Priya,56,Male,Hyderabad,44596,26-11-2023
38,Priya,50,Male,Chennai,48602,29-12-2022
380,John,55,Female,Hyderabad,54155,01-07-2020
380,John,55,Female,Hyderabad,53174,01-07-2020
381,John,51,Male,Bangalore,54155,02-05-2021
382,Sara,55,Male,Delhi,89967,25-04-2022
383,Kiran,51,Unknown,Bangalore,54155,03-05-2020
383,Kiran,51,Male,Bangalore,79182,03-05-2020
384,Sara,35,Female,Delhi,54155,11-09-2022
384,Sara,35,Female,Delhi,59310,11-09-2022
385,Sara,47,Male,Bangalore,54155,28-02-2022
386,Sara,32,Male,Hyderabad,28906,17-02-2021
386,Sara,32,Male,Hyderabad,54155,17-02-2021
387,Sara,44,Female,Hyderabad,56914,10-04-2023
388,Sara,51,Female,Mumbai,65379,04-08-2023
389,Ahmed,55,Female,Bangalore,98612,29-12-2023
39,Priya,25,Male,Delhi,73331,28-02-2021
390,John,,Female,Chennai,57650,16-11-2021
391,Sara,41,Male,Mumbai,66881,22-04-2020
392,John,32,Male,Bangalore,54155,06-06-2022
393,John,47,Male,Bangalore,26012,01-05-2020
394,Anita,59,Male,Mumbai,70115,30-05-2023
395,Ahmed,34,Female,Hyderabad,27151,08-02-2020
396,Sara,22,Male,Bangalore,77716,11-05-2021
397,Rahul,46,Male,Hyderabad,56378,18-02-2022
398,Priya,21,Female,Mumbai,62652,10-06-2023
398,Priya,21,Female,Unknown,62652,10-06-2023
399,Kiran,27,Female,Hyderabad,92430,31-07-2022
4,Kiran,57,Male,Mumbai,44860,14-09-2022
40,Kiran,22,Male,Hyderabad,54155,25-09-2022
400,Rahul,34,Male,Unknown,54155,28-05-2020
401,Ahmed,,Male,Chennai,51010,21-11-2023
402,Priya,34,Male,Bangalore,74691,18-10-2022
403,Ahmed,37,Male,Mumbai,84157,22-10-2021
404,John,41,Male,Hyderabad,32289,28-10-2020
405,Priya,22,Female,Bangalore,50000,15-10-2023
406,John,51,Female,Hyderabad,54155,25-08-2020
407,Rahul,23,Male,Delhi,43171,08-10-2021
408,Rahul,19,Male,Mumbai,64139,24-10-2021
408,Rahul,19,Male,Mumbai,64139,24-10-2021
409,Priya,30,Female,Bangalore,68713,23-08-2020
41,Sara,56,Female,Mumbai,83416,08-12-2021
410,Priya,28,Male,Delhi,49734,21-07-2020
411,Sara,40,Male,Delhi,92588,12-09-2020
412,Ahmed,33,Male,Bangalore,54155,20-08-2021
413,Sara,48,Unknown,Hyderabad,23654,23-10-2021
414,Ahmed,28,Male,Delhi,38743,22-08-2020
415,Sara,33,Unknown,Chennai,68368,30-09-2023
416,John,25,Male,Delhi,94172,17-06-2021
417,Priya,21,Female,Hyderabad,26441,09-05-2022
418,Rahul,57,Female,Hyderabad,44611,08-02-2022
419,Ahmed,21,Female,Chennai,32149,24-06-2021
42,Sara,21,Male,Mumbai,52196,14-07-2021
420,Ahmed,42,Female,Delhi,79189,31-07-2020
421,Rahul,20,Male,Unknown,41675,07-04-2021
422,Sara,49,Female,Bangalore,91031,11-03-2021
423,Ahmed,20,Male,Mumbai,62668,09-10-2020
424,Kiran,44,Male,Mumbai,33673,01-12-2023
425,John,46,Female,Mumbai,96666,28-03-2020
426,Priya,49,Male,Delhi,85429,03-12-2022
427,Rahul,36,Female,Chennai,43669,05-04-2021
428,Priya,38,Female,Hyderabad,54068,04-10-2020
429,Kiran,22,Male,Bangalore,29435,24-02-2021
43,Kiran,23,Male,Bangalore,25626,07-04-2022
430,Ahmed,35,Male,Bangalore,54155,08-10-2023
431,Ahmed,,Female,Delhi,57384,26-11-2021
432,Kiran,59,Female,Mumbai,54155,29-05-2021
433,Rahul,39,Female,Delhi,95388,03-12-2021
434,John,38,Male,Chennai,51401,19-01-2020
434,John,38,Male,Chennai,54155,19-01-2020
435,Anita,23,Female,Chennai,91831,23-01-2020
436,Rahul,18,Female,Hyderabad,54084,16-02-2021
437,Anita,22,Male,Hyderabad,75826,19-11-2022
438,Kiran,58,Female,Chennai,56451,17-04-2020
439,Sara,29,Male,Chennai,54155,22-10-2023
44,Sara,49,Male,Bangalore,54155,13-08-2022
440,Anita,43,Male,Chennai,51910,28-07-2023
441,John,51,Male,Delhi,56041,25-02-2023
442,Sara,31,Male,Chennai,85681,06-06-2023
443,Anita,43,Male,Bangalore,85481,08-02-2023
444,Kiran,44,Female,Mumbai,88576,15-05-2020
445,Sara,26,Female,Chennai,84174,27-12-2020
446,Kiran,43,Female,Mumbai,46160,24-04-2023
447,Anita,39,Female,Delhi,50000,08-05-2020
448,Kiran,47,Male,Mumbai,37014,08-07-2023
449,John,34,Male,Delhi,69104,29-05-2021
45,John,47,Female,Hyderabad,32857,31-05-2021
450,Anita,43,Male,Unknown,61621,24-03-2021
46,Priya,52,Female,Mumbai,39982,03-03-2021
47,Kiran,57,Male,Hyderabad,96961,08-06-2020
48,Priya,33,Male,Bangalore,21980,28-05-2020
49,Rahul,30,Male,Bangalore,68290,14-02-2022
5,John,50,Male,Chennai,41195,29-03-2023
50,John,59,Male,Mumbai,46431,07-06-2023
51,Ahmed,47,Female,Chennai,46385,07-03-2020
52,John,36,Female,Delhi,58158,10-10-2022
53,Kiran,34,Female,Bangalore,43019,15-01-2021
54,Ahmed,36,Female,Bangalore,38639,27-02-2020
55,Rahul,45,Male,Chennai,50000,06-07-2023
56,Kiran,43,Male,Chennai,50000,07-12-2020
57,Anita,54,Male,Hyderabad,25776,27-02-2023
58,Priya,43,Unknown,Hyderabad,56444,27-12-2021
59,Rahul,40,Male,Delhi,88916,10-04-2023
6,Ahmed,26,Male,Mumbai,97475,11-10-2021
6,Ahmed,26,Male,Chennai,97475,11-10-2021
60,Priya,26,Female,Unknown,28711,08-02-2022
61,Sara,29,Female,Mumbai,94318,05-09-2021
62,Anita,18,Male,Hyderabad,54155,17-05-2023
63,Anita,18,Male,Bangalore,54155,19-12-2020
63,Anita,18,Male,Bangalore,59110,19-12-2020
64,Rahul,,Male,Hyderabad,81788,25-04-2020
65,Anita,49,Female,Bangalore,58827,11-07-2023
66,Ahmed,42,Male,Chennai,25655,23-10-2021
67,Anita,57,Female,Hyderabad,64859,28-03-2021
68,Priya,18,Male,Chennai,73625,13-10-2020
69,Priya,33,Female,Unknown,72098,19-08-2023
7,Ahmed,56,Female,Hyderabad,41427,26-08-2022
70,Kiran,56,Female,Delhi,35251,13-10-2022
71,Priya,22,Male,Mumbai,20526,06-11-2020
72,Kiran,39,Female,Hyderabad,54155,26-07-2020
73,Priya,46,Female,Unknown,67837,09-09-2021
74,Ahmed,20,Male,Bangalore,31536,21-03-2021
75,Kiran,29,Female,Delhi,48541,31-10-2021
76,John,43,Male,Delhi,99083,24-09-2021
77,Sara,33,Female,Bangalore,71027,24-02-2020
78,Rahul,54,Male,Chennai,54531,30-06-2022
79,Priya,39,Unknown,Chennai,28712,01-11-2022
8,Kiran,46,Male,Mumbai,47083,12-08-2021
80,Anita,46,Female,Delhi,85455,18-10-2021
81,Priya,31,Female,Hyderabad,94744,24-11-2023
82,Anita,45,Female,Unknown,25109,06-09-2022
83,Sara,22,Unknown,Delhi,69268,29-05-2021
84,Sara,47,Female,Hyderabad,74615,24-08-2020
85,Sara,22,Male,Mumbai,49759,26-07-2023
86,Anita,29,Female,Bangalore,80112,13-12-2020
87,Priya,33,Male,Chennai,46589,18-09-2021
88,Sara,43,Male,Delhi,50015,01-02-2023
89,Ahmed,43,Female,Chennai,49009,21-09-2021
9,Anita,59,Male,Mumbai,77372,05-01-2023
90,Kiran,38,Male,Mumbai,82046,25-06-2023
91,Anita,56,Male,Delhi,46143,29-12-2020
92,Anita,53,Male,Bangalore,26154,16-11-2020
93,Priya,,Male,Mumbai,41804,12-10-2020
94,Anita,,Female,Delhi,61688,28-05-2020
95,Anita,54,Male,Bangalore,84288,12-01-2023
96,Sara,40,Female,Mumbai,71195,09-02-2021
97,Priya,27,Female,Mumbai,40581,04-09-2022
98,Sara,22,Male,Delhi,72648,31-03-2021
99,Kiran,53,Male,Hyderabad,50087,10-03-2022
